analysis_id,stratum,moderator,contrast,omitted_study,removed_effects,remaining_effects,remaining_studies,remaining_clusters,successful,beta,se,df,p_raw,nominal_p_lt_0_05,direction_consistent,warnings,failure_reason
IR_blinding_reported,Inter-reader,Blinding reported,Reported vs not reported,Abufaraj_2025,6,169,46,51,TRUE,0.1348897689467428,0.0464167936326303,5.814159173819937,0.028120458793747218,TRUE,TRUE,,
IR_blinding_reported,Inter-reader,Blinding reported,Reported vs not reported,Arita_2022,3,172,46,51,TRUE,0.1284718065572228,0.04378039579857819,5.499264598364064,0.0289660827897276,TRUE,TRUE,,
IR_blinding_reported,Inter-reader,Blinding reported,Reported vs not reported,Ascenti_2007,2,173,46,51,TRUE,0.11306714920705406,0.03928931451623805,5.899812285202897,0.0286779282578244,TRUE,TRUE,,
IR_blinding_reported,Inter-reader,Blinding reported,Reported vs not reported,Bai_2020,10,165,46,49,TRUE,0.11611862871939878,0.04108607774544483,5.208272628934704,0.03518997181347781,TRUE,TRUE,,
IR_blinding_reported,Inter-reader,Blinding reported,Reported vs not reported,Benjaminov_2006,1,174,46,51,TRUE,0.13010688194606415,0.044487855094488826,5.614999639723443,0.028610576651199236,TRUE,TRUE,,
IR_blinding_reported,Inter-reader,Blinding reported,Reported vs not reported,Bertolotto_2010,1,174,46,51,TRUE,0.12818111485619899,0.044100100048209356,5.586676774878203,0.02943302561216631,TRUE,TRUE,,
IR_blinding_reported,Inter-reader,Blinding reported,Reported vs not reported,Bertolotto_2015,1,174,46,51,TRUE,0.1270445496596181,0.04383522547657086,5.600544959699678,0.02965681770539456,TRUE,TRUE,,
IR_blinding_reported,Inter-reader,Blinding reported,Reported vs not reported,Chan_2021,4,171,46,51,TRUE,0.13485660491946017,0.0460204785506784,5.755385387210644,0.027588379415492404,TRUE,TRUE,,
IR_blinding_reported,Inter-reader,Blinding reported,Reported vs not reported,Chang_2015,1,174,46,51,TRUE,0.1204445078812776,0.0426664696935883,5.754587604442116,0.0316440547601253,TRUE,TRUE,,
IR_blinding_reported,Inter-reader,Blinding reported,Reported vs not reported,Dana_2023,6,169,46,51,TRUE,0.12651534108270146,0.0446822261978187,5.707213790576379,0.03158669429585422,TRUE,TRUE,,
IR_blinding_reported,Inter-reader,Blinding reported,Reported vs not reported,Destefani_2017,1,174,46,51,TRUE,0.1305060350039025,0.044180528652486145,5.550354313018312,0.02796756171296487,TRUE,TRUE,,
IR_blinding_reported,Inter-reader,Blinding reported,Reported vs not reported,El-Mokadem_2014,1,174,46,51,TRUE,0.12877629469333532,0.04382566936230377,5.533975426313638,0.028611380079911257,TRUE,TRUE,,
IR_blinding_reported,Inter-reader,Blinding reported,Reported vs not reported,Elbanna_2021,2,173,46,51,TRUE,0.1257798301869897,0.043590379920569966,5.584708927669198,0.03023161040397701,TRUE,TRUE,,
IR_blinding_reported,Inter-reader,Blinding reported,Reported vs not reported,Ferreira_2016,2,173,46,51,TRUE,0.135518207492052,0.04521985368514092,5.6937198648793395,0.025703811857990155,TRUE,TRUE,,
IR_blinding_reported,Inter-reader,Blinding reported,Reported vs not reported,Graumann_2015,6,169,46,51,TRUE,0.11230264175176136,0.036907955720150494,5.364491141638948,0.026185799241824383,TRUE,TRUE,,
IR_blinding_reported,Inter-reader,Blinding reported,Reported vs not reported,Guo_2024,1,174,46,51,TRUE,0.12530573389044164,0.043529580861728964,5.588671726022567,0.03046757355480253,TRUE,TRUE,,
IR_blinding_reported,Inter-reader,Blinding reported,Reported vs not reported,He_2026,6,169,46,51,TRUE,0.12202085520877663,0.042223440610132876,5.4600956448722435,0.03085944033771008,TRUE,TRUE,,
IR_blinding_reported,Inter-reader,Blinding reported,Reported vs not reported,Kang_2022,2,173,46,51,TRUE,0.12840619589181718,0.043753812274388446,5.503010918298372,0.02893252993363318,TRUE,TRUE,,
IR_blinding_reported,Inter-reader,Blinding reported,Reported vs not reported,Kang_2024,1,174,46,51,TRUE,0.12820966088207822,0.044098066466974596,5.590923198106527,0.029378319017355693,TRUE,TRUE,,
IR_blinding_reported,Inter-reader,Blinding reported,Reported vs not reported,Kang_2025,5,170,46,51,TRUE,0.13175974836725754,0.04538904037629878,5.679480714854391,0.02900944522968719,TRUE,TRUE,,
IR_blinding_reported,Inter-reader,Blinding reported,Reported vs not reported,Karmazyn_2015,1,174,46,51,TRUE,0.13122907537809136,0.044757669146335846,5.619560393051382,0.02831867070677581,TRUE,TRUE,,
IR_blinding_reported,Inter-reader,Blinding reported,Reported vs not reported,Kim_2010,1,174,46,51,TRUE,0.1270341054707619,0.04387349564547374,5.578811673904916,0.029893699384951563,TRUE,TRUE,,
IR_blinding_reported,Inter-reader,Blinding reported,Reported vs not reported,Lee_2020,2,173,46,51,TRUE,0.12247126947412881,0.042419428330574445,5.5407368752249875,0.03044470721062477,TRUE,TRUE,,
IR_blinding_reported,Inter-reader,Blinding reported,Reported vs not reported,Lucocq_2021,2,173,46,51,TRUE,0.12870545047342272,0.04385801496970797,5.520212560246128,0.028830682268442605,TRUE,TRUE,,
IR_blinding_reported,Inter-reader,Blinding reported,Reported vs not reported,Lucocq_2024,2,173,46,51,TRUE,0.12952109083916657,0.044345204545152644,5.567664550212738,0.029034296329249497,TRUE,TRUE,,
IR_blinding_reported,Inter-reader,Blinding reported,Reported vs not reported,Münch_2024,9,166,46,51,TRUE,0.13819498693966348,0.050563628097604514,4.418827703591308,0.046926300459302885,TRUE,TRUE,,
IR_blinding_reported,Inter-reader,Blinding reported,Reported vs not reported,Osman_2021,4,171,46,51,TRUE,0.13516658648980465,0.04607513261668508,5.760245096825362,0.027447575800173568,TRUE,TRUE,,
IR_blinding_reported,Inter-reader,Blinding reported,Reported vs not reported,Pacheco_2020,12,163,46,51,TRUE,0.13732202142036937,0.048003006071761355,6.068569886999139,0.028414232979665482,TRUE,TRUE,,
IR_blinding_reported,Inter-reader,Blinding reported,Reported vs not reported,Park_2021,4,171,46,51,TRUE,0.12546576534769077,0.04391698346522938,5.61443768826498,0.03114821460185821,TRUE,TRUE,,
IR_blinding_reported,Inter-reader,Blinding reported,Reported vs not reported,Peng_2010,2,173,46,51,TRUE,0.12288161498215508,0.04318563390656304,5.6490076820240045,0.03138534556098254,TRUE,TRUE,,
IR_blinding_reported,Inter-reader,Blinding reported,Reported vs not reported,Pitra_2018,2,173,46,51,TRUE,0.12292023921788767,0.042450530970268865,5.525915108404763,0.03021955941031522,TRUE,TRUE,,
IR_blinding_reported,Inter-reader,Blinding reported,Reported vs not reported,Ragel_2016,2,173,46,51,TRUE,0.1205987274797751,0.043712386868363096,5.288417392303177,0.03756366627039444,TRUE,TRUE,,
IR_blinding_reported,Inter-reader,Blinding reported,Reported vs not reported,Rosenkrantz_2014,2,173,46,51,TRUE,0.13237253370432547,0.04510096263740476,5.651587155452116,0.028022209222219208,TRUE,TRUE,,
IR_blinding_reported,Inter-reader,Blinding reported,Reported vs not reported,Sebastià_2026,1,174,46,51,TRUE,0.1256370577000549,0.04313706138956183,5.527844069345729,0.02958086099957735,TRUE,TRUE,,
IR_blinding_reported,Inter-reader,Blinding reported,Reported vs not reported,Shaish_2019,3,172,46,51,TRUE,0.12133092345164012,0.04165385650139468,5.403107710844963,0.030371671018513333,TRUE,TRUE,,
IR_blinding_reported,Inter-reader,Blinding reported,Reported vs not reported,Siegel_1997,1,174,46,51,TRUE,0.12945719253884838,0.04436684860417401,5.59825978167051,0.028951164264359057,TRUE,TRUE,,
IR_blinding_reported,Inter-reader,Blinding reported,Reported vs not reported,Sun_2023,4,171,46,50,TRUE,0.12225656605823171,0.041878088072543736,5.2543352483245265,0.031143779147934817,TRUE,TRUE,,
IR_blinding_reported,Inter-reader,Blinding reported,Reported vs not reported,Tse_2020,2,173,46,51,TRUE,0.13019890984889793,0.044682129337712,5.6120837376333075,0.029011886983820304,TRUE,TRUE,,
IR_blinding_reported,Inter-reader,Blinding reported,Reported vs not reported,Tse_2021_a,2,173,46,51,TRUE,0.1343047846607389,0.04557639976100517,5.6997276102083605,0.02733411818795165,TRUE,TRUE,,
IR_blinding_reported,Inter-reader,Blinding reported,Reported vs not reported,Tse_2021_b,16,159,46,51,TRUE,0.14732534828502286,0.06582204299123852,8.953803177452272,0.052140015131081414,FALSE,TRUE,,
IR_blinding_reported,Inter-reader,Blinding reported,Reported vs not reported,Tse_2022,1,174,46,51,TRUE,0.12888084317387374,0.04383728393951395,5.5257470391960295,0.028605336658956808,TRUE,TRUE,,
IR_blinding_reported,Inter-reader,Blinding reported,Reported vs not reported,Urraro_2026,1,174,46,51,TRUE,0.13452308682801928,0.04492751140844273,5.604465565432617,0.026295295904160132,TRUE,TRUE,,
IR_blinding_reported,Inter-reader,Blinding reported,Reported vs not reported,Verzotti_2019,3,172,46,51,TRUE,0.13461926091782023,0.0450493892329438,5.599656560125613,0.026518173450841148,TRUE,TRUE,,
IR_blinding_reported,Inter-reader,Blinding reported,Reported vs not reported,Walmer_2023,6,169,46,51,TRUE,0.12648619503177713,0.04385716408584853,5.5836003862383885,0.030293263454981446,TRUE,TRUE,,
IR_blinding_reported,Inter-reader,Blinding reported,Reported vs not reported,Yan_2021,24,151,46,49,TRUE,0.11597984218188544,0.04730528007734155,4.855475803491703,0.0592857542416173,FALSE,TRUE,,
IR_blinding_reported,Inter-reader,Blinding reported,Reported vs not reported,Yenice_2020,2,173,46,51,TRUE,0.12509491168869585,0.04365693086708671,5.596859849282711,0.03092551649301152,TRUE,TRUE,,
IR_blinding_reported,Inter-reader,Blinding reported,Reported vs not reported,Zhong_2017,2,173,46,51,TRUE,0.11816574768721061,0.04254193027824442,5.9364059699273435,0.0324585433274454,TRUE,TRUE,,
IR_region_Europe_vs_North_America,Inter-reader,Region,Europe vs North America,Abufaraj_2025,6,153,42,47,TRUE,0.3939315482241119,0.16985425388779515,24.68367864511406,0.028957617250389756,TRUE,TRUE,,
IR_region_Europe_vs_North_America,Inter-reader,Region,Europe vs North America,Arita_2022,3,156,42,47,TRUE,0.39200847457248345,0.16919710106598124,24.784426191482442,0.029069501310664207,TRUE,TRUE,,
IR_region_Europe_vs_North_America,Inter-reader,Region,Europe vs North America,Ascenti_2007,2,157,42,47,TRUE,0.2958702796628687,0.1509705963358466,22.441161119770435,0.06255534975187418,FALSE,TRUE,,
IR_region_Europe_vs_North_America,Inter-reader,Region,Europe vs North America,Bai_2020,10,149,42,45,TRUE,0.39304120472508863,0.16953420014501575,24.73652212915991,0.028993320058499274,TRUE,TRUE,,
IR_region_Europe_vs_North_America,Inter-reader,Region,Europe vs North America,Benjaminov_2006,1,158,42,47,TRUE,0.39032245032072765,0.17055940863769495,24.645841995525753,0.030963238889535328,TRUE,TRUE,,
IR_region_Europe_vs_North_America,Inter-reader,Region,Europe vs North America,Bertolotto_2010,1,158,42,47,TRUE,0.4101190153475368,0.17867634366587182,22.700088801837577,0.03130013752255316,TRUE,TRUE,,
IR_region_Europe_vs_North_America,Inter-reader,Region,Europe vs North America,Bertolotto_2015,1,158,42,47,TRUE,0.4004372518879606,0.17774833542169075,22.896083554031232,0.03415747900084263,TRUE,TRUE,,
IR_region_Europe_vs_North_America,Inter-reader,Region,Europe vs North America,Chan_2021,4,155,42,47,TRUE,0.37865078404438296,0.17085414232767315,24.708488438959566,0.036118942883778066,TRUE,TRUE,,
IR_region_Europe_vs_North_America,Inter-reader,Region,Europe vs North America,Dana_2023,6,153,42,47,TRUE,0.4185694355264694,0.16998398892535466,24.68052030565391,0.021141377118557687,TRUE,TRUE,,
IR_region_Europe_vs_North_America,Inter-reader,Region,Europe vs North America,El-Mokadem_2014,1,158,42,47,TRUE,0.4033419251927175,0.17918342457856606,22.722792377849384,0.03436860313508172,TRUE,TRUE,,
IR_region_Europe_vs_North_America,Inter-reader,Region,Europe vs North America,Elbanna_2021,2,157,42,47,TRUE,0.4106602802140764,0.16971635874858063,24.631828326010247,0.02325788574508762,TRUE,TRUE,,
IR_region_Europe_vs_North_America,Inter-reader,Region,Europe vs North America,Graumann_2015,6,153,42,47,TRUE,0.2975471124135522,0.154528536959494,22.536903720354776,0.06687472817262041,FALSE,TRUE,,
IR_region_Europe_vs_North_America,Inter-reader,Region,Europe vs North America,Guo_2024,1,158,42,47,TRUE,0.39214170254154546,0.1692505262561097,24.774956588722365,0.029069406171015007,TRUE,TRUE,,
IR_region_Europe_vs_North_America,Inter-reader,Region,Europe vs North America,He_2026,6,153,42,47,TRUE,0.3918315393409494,0.1691646855239948,24.784196549236498,0.029107579409320686,TRUE,TRUE,,
IR_region_Europe_vs_North_America,Inter-reader,Region,Europe vs North America,Kang_2022,2,157,42,47,TRUE,0.39198542385053986,0.16919047054232625,24.78518039976005,0.029072095236259584,TRUE,TRUE,,
IR_region_Europe_vs_North_America,Inter-reader,Region,Europe vs North America,Kang_2024,1,158,42,47,TRUE,0.3920324155976121,0.16921072136820722,24.781371603310024,0.029073445373272673,TRUE,TRUE,,
IR_region_Europe_vs_North_America,Inter-reader,Region,Europe vs North America,Kang_2025,5,154,42,47,TRUE,0.39285969311470537,0.16948561263077114,24.741302424147793,0.02901715899315352,TRUE,TRUE,,
IR_region_Europe_vs_North_America,Inter-reader,Region,Europe vs North America,Karmazyn_2015,1,158,42,47,TRUE,0.3871945600621064,0.17070279894948992,24.664627445117972,0.03233484793696796,TRUE,TRUE,,
IR_region_Europe_vs_North_America,Inter-reader,Region,Europe vs North America,Kim_2010,1,158,42,47,TRUE,0.3920044557202552,0.1692004578588176,24.78303701257337,0.029074401837440506,TRUE,TRUE,,
IR_region_Europe_vs_North_America,Inter-reader,Region,Europe vs North America,Lee_2020,2,157,42,47,TRUE,0.3925783309194293,0.16940385956859255,24.75106106630919,0.02904777879924976,TRUE,TRUE,,
IR_region_Europe_vs_North_America,Inter-reader,Region,Europe vs North America,Lucocq_2021,2,157,42,47,TRUE,0.4077799628870863,0.18116144765141268,22.559833279009336,0.03444952080907184,TRUE,TRUE,,
IR_region_Europe_vs_North_America,Inter-reader,Region,Europe vs North America,Lucocq_2024,2,157,42,47,TRUE,0.4227481475484537,0.17896417579050092,22.534593558677813,0.027199068554970614,TRUE,TRUE,,
IR_region_Europe_vs_North_America,Inter-reader,Region,Europe vs North America,Münch_2024,9,150,42,47,TRUE,0.3880574255242376,0.18342898416040043,22.72259132029665,0.04555932732811324,TRUE,TRUE,,
IR_region_Europe_vs_North_America,Inter-reader,Region,Europe vs North America,Osman_2021,4,155,42,47,TRUE,0.37759285119292385,0.17077698152496548,24.713940430949915,0.03651766615400693,TRUE,TRUE,,
IR_region_Europe_vs_North_America,Inter-reader,Region,Europe vs North America,Park_2021,4,155,42,47,TRUE,0.39253840283882213,0.16937803885463373,24.757244533283288,0.029038130893003538,TRUE,TRUE,,
IR_region_Europe_vs_North_America,Inter-reader,Region,Europe vs North America,Peng_2010,2,157,42,47,TRUE,0.39282363153129746,0.16949332248486979,24.736409992006646,0.02903897387363428,TRUE,TRUE,,
IR_region_Europe_vs_North_America,Inter-reader,Region,Europe vs North America,Pitra_2018,2,157,42,47,TRUE,0.4372061021611277,0.1747074792279199,22.535055721387966,0.020052601113039904,TRUE,TRUE,,
IR_region_Europe_vs_North_America,Inter-reader,Region,Europe vs North America,Ragel_2016,2,157,42,47,TRUE,0.4524497149632791,0.17066681177154727,22.42620469744422,0.01445261870152827,TRUE,TRUE,,
IR_region_Europe_vs_North_America,Inter-reader,Region,Europe vs North America,Rosenkrantz_2014,2,157,42,47,TRUE,0.3837980590304034,0.17073248908433203,24.674597428932753,0.033768285781190996,TRUE,TRUE,,
IR_region_Europe_vs_North_America,Inter-reader,Region,Europe vs North America,Sebastià_2026,1,158,42,47,TRUE,0.4187898873551559,0.17719543781001,22.706665510815153,0.027054408289894145,TRUE,TRUE,,
IR_region_Europe_vs_North_America,Inter-reader,Region,Europe vs North America,Shaish_2019,3,156,42,47,TRUE,0.43269471422716804,0.16578940013164425,24.700132718004053,0.015160630193500424,TRUE,TRUE,,
IR_region_Europe_vs_North_America,Inter-reader,Region,Europe vs North America,Siegel_1997,1,158,42,47,TRUE,0.3937286098248311,0.17066940826763422,24.655804917667684,0.029747850784354515,TRUE,TRUE,,
IR_region_Europe_vs_North_America,Inter-reader,Region,Europe vs North America,Sun_2023,4,155,42,46,TRUE,0.39140465633168436,0.1689884595126848,24.815746681859533,0.029103163973068377,TRUE,TRUE,,
IR_region_Europe_vs_North_America,Inter-reader,Region,Europe vs North America,Tse_2020,2,157,42,47,TRUE,0.3932224990143134,0.1710299074960243,24.690371862525808,0.030242428947879083,TRUE,TRUE,,
IR_region_Europe_vs_North_America,Inter-reader,Region,Europe vs North America,Tse_2021_a,2,157,42,47,TRUE,0.37771242618670714,0.17045149561404016,24.68380038439439,0.036149452428536594,TRUE,TRUE,,
IR_region_Europe_vs_North_America,Inter-reader,Region,Europe vs North America,Tse_2021_b,16,143,42,47,TRUE,0.4130810775648625,0.17161131611639063,24.646007709165318,0.023909208333510196,TRUE,TRUE,,
IR_region_Europe_vs_North_America,Inter-reader,Region,Europe vs North America,Tse_2022,1,158,42,47,TRUE,0.40431434686167494,0.1703105614932271,24.65314022493543,0.02570978256983388,TRUE,TRUE,,
IR_region_Europe_vs_North_America,Inter-reader,Region,Europe vs North America,Urraro_2026,1,158,42,47,TRUE,0.37866625952769695,0.1798421988366621,22.691195121332797,0.046521825442830414,TRUE,TRUE,,
IR_region_Europe_vs_North_America,Inter-reader,Region,Europe vs North America,Verzotti_2019,3,156,42,47,TRUE,0.38227686266876576,0.18292951105402597,22.536645384653248,0.048129350199575434,TRUE,TRUE,,
IR_region_Europe_vs_North_America,Inter-reader,Region,Europe vs North America,Walmer_2023,6,153,42,47,TRUE,0.39725936425181824,0.17157597281857812,24.72649812703132,0.02918650671568563,TRUE,TRUE,,
IR_region_Europe_vs_North_America,Inter-reader,Region,Europe vs North America,Yan_2021,24,135,42,45,TRUE,0.3225242204951897,0.17108635595073846,24.023808710941513,0.07156098323043651,FALSE,TRUE,,
IR_region_Europe_vs_North_America,Inter-reader,Region,Europe vs North America,Yenice_2020,2,157,42,47,TRUE,0.3923225685804429,0.1693091806565815,24.766724322843686,0.02905563784636179,TRUE,TRUE,,
IR_region_Europe_vs_North_America,Inter-reader,Region,Europe vs North America,Zhong_2017,2,157,42,47,TRUE,0.39580999993403565,0.1705726527803974,24.55494380473785,0.028926586795260396,TRUE,TRUE,,
IM_categories_4_5_vs_2_3,Inter-modality,No. of categories,4-5 vs 2-3,Almalki_2023,1,38,27,30,TRUE,0.46981812421851193,0.0755816996044528,2.160276701068448,0.020587149784363778,TRUE,TRUE,,
IM_categories_4_5_vs_2_3,Inter-modality,No. of categories,4-5 vs 2-3,Anshulmeena_2026,1,38,27,30,TRUE,0.44633417893441796,0.07283609035332422,2.134600163193962,0.021845609833147085,TRUE,TRUE,,
IM_categories_4_5_vs_2_3,Inter-modality,No. of categories,4-5 vs 2-3,Ascenti_2007,1,38,27,30,TRUE,0.45338614905273444,0.07468256900884242,2.1521977483328816,0.02182133757421523,TRUE,TRUE,,
IM_categories_4_5_vs_2_3,Inter-modality,No. of categories,4-5 vs 2-3,Bielsa_Gali_1999,1,38,27,30,TRUE,0.478597223687119,0.07414137299886134,2.146958858902895,0.019343055491142718,TRUE,TRUE,,
IM_categories_4_5_vs_2_3,Inter-modality,No. of categories,4-5 vs 2-3,Chan_2021,2,37,27,30,TRUE,0.4674926364774042,0.07591385826473356,2.1631699699587275,0.020919499982290497,TRUE,TRUE,,
IM_categories_4_5_vs_2_3,Inter-modality,No. of categories,4-5 vs 2-3,Clevert_2008,1,38,27,30,TRUE,0.4587241566036152,0.07501187236676173,2.154967125772309,0.021426389193980353,TRUE,TRUE,,
IM_categories_4_5_vs_2_3,Inter-modality,No. of categories,4-5 vs 2-3,Como_2021,1,38,27,30,TRUE,0.4953151837844629,0.07398487880007847,1.1084466341344712,0.07858942102050988,FALSE,TRUE,,
IM_categories_4_5_vs_2_3,Inter-modality,No. of categories,4-5 vs 2-3,Das_2023,1,38,27,30,TRUE,0.4648531516736671,0.07539415814254202,2.1584379006636434,0.020982120186333608,TRUE,TRUE,,
IM_categories_4_5_vs_2_3,Inter-modality,No. of categories,4-5 vs 2-3,Ferreira_2016,1,38,27,30,TRUE,0.4743366624975041,0.07490664806158555,2.154065363584159,0.0199567401466183,TRUE,TRUE,,
IM_categories_4_5_vs_2_3,Inter-modality,No. of categories,4-5 vs 2-3,Graumann_2016,2,37,27,29,TRUE,0.41110462374425316,0.06708343404375264,2.0726452521584715,0.023487069876630892,TRUE,TRUE,,
IM_categories_4_5_vs_2_3,Inter-modality,No. of categories,4-5 vs 2-3,He_2025,1,38,27,30,TRUE,0.47442245753818063,0.07503328479475835,2.155290158086583,0.01999010421034407,TRUE,TRUE,,
IM_categories_4_5_vs_2_3,Inter-modality,No. of categories,4-5 vs 2-3,He_2026,1,38,27,30,TRUE,0.4569673009725573,0.07534053473953017,2.158227746291976,0.021711297103767648,TRUE,TRUE,,
IM_categories_4_5_vs_2_3,Inter-modality,No. of categories,4-5 vs 2-3,Herms_2023,1,38,27,30,TRUE,0.46077935836139505,0.08852514626731688,1.1030996204959387,0.10405301798856496,FALSE,TRUE,,
IM_categories_4_5_vs_2_3,Inter-modality,No. of categories,4-5 vs 2-3,Ignee_2010,1,38,27,30,TRUE,0.4468892263195144,0.07269231486923122,1.1395817364428502,0.08213083851029411,FALSE,TRUE,,
IM_categories_4_5_vs_2_3,Inter-modality,No. of categories,4-5 vs 2-3,Israel_2004,1,38,27,30,TRUE,0.4438930249326566,0.07223140529054498,2.128749147064291,0.021867068233871228,TRUE,TRUE,,
IM_categories_4_5_vs_2_3,Inter-modality,No. of categories,4-5 vs 2-3,Lee_2020,2,37,27,30,TRUE,0.4853451214098825,0.07311041329520318,2.137519275621139,0.018468079137915202,TRUE,TRUE,,
IM_categories_4_5_vs_2_3,Inter-modality,No. of categories,4-5 vs 2-3,Lucocq_2020,1,38,27,30,TRUE,0.4592558811580127,0.07498280865472082,2.154662270790379,0.02136560763226723,TRUE,TRUE,,
IM_categories_4_5_vs_2_3,Inter-modality,No. of categories,4-5 vs 2-3,Oon_2018,1,38,27,30,TRUE,0.47839012280179327,0.07387746881368984,2.1443221604744247,0.019279606132745746,TRUE,TRUE,,
IM_categories_4_5_vs_2_3,Inter-modality,No. of categories,4-5 vs 2-3,Park_2007,1,38,27,30,TRUE,0.4726846808269747,0.07492592058847003,2.154152934146046,0.02011001157331279,TRUE,TRUE,,
IM_categories_4_5_vs_2_3,Inter-modality,No. of categories,4-5 vs 2-3,Park_2021,4,35,27,30,TRUE,0.4562396915328394,0.07583106103639099,2.1622014993647825,0.02197729641511479,TRUE,TRUE,,
IM_categories_4_5_vs_2_3,Inter-modality,No. of categories,4-5 vs 2-3,Peard_2022,3,36,27,28,TRUE,0.4785066361774327,0.07905130007064153,2.1937924359033536,0.02093591583551375,TRUE,TRUE,,
IM_categories_4_5_vs_2_3,Inter-modality,No. of categories,4-5 vs 2-3,Pitra_2018,2,37,27,30,TRUE,0.4885000267848195,0.07186627443940473,2.1251580916593955,0.017864360896981464,TRUE,TRUE,,
IM_categories_4_5_vs_2_3,Inter-modality,No. of categories,4-5 vs 2-3,Ragel_2016,2,37,27,30,TRUE,0.4873347485925542,0.0724274999466467,2.130876163554672,0.018111287125416344,TRUE,TRUE,,
IM_categories_4_5_vs_2_3,Inter-modality,No. of categories,4-5 vs 2-3,Rocca_2016,1,38,27,30,TRUE,0.4655133396462018,0.07542349880027573,2.1587135139190563,0.020930718785932275,TRUE,TRUE,,
IM_categories_4_5_vs_2_3,Inter-modality,No. of categories,4-5 vs 2-3,Sanz_2016,1,38,27,30,TRUE,0.4614912255715733,0.07532181534368157,2.157812722825361,0.021272767243560517,TRUE,TRUE,,
IM_categories_4_5_vs_2_3,Inter-modality,No. of categories,4-5 vs 2-3,Tshering_Vogel_2021,2,37,27,30,TRUE,0.4771117130059385,0.07525685907553488,2.158104044484863,0.01981323448435351,TRUE,TRUE,,
IM_categories_4_5_vs_2_3,Inter-modality,No. of categories,4-5 vs 2-3,Yenice_2020,1,38,27,30,TRUE,0.4704063324201205,0.07557979076044871,2.1602798542747665,0.02053266696907739,TRUE,TRUE,,
IM_categories_4_5_vs_2_3,Inter-modality,No. of categories,4-5 vs 2-3,Zhong_2017,1,38,27,30,TRUE,0.4649462588624102,0.07532585265262685,2.157790195848723,0.020949877929264362,TRUE,TRUE,,
IM_modality_pair_CT_US_vs_CT_MRI,Inter-modality,Modality pair,CT-US-based vs CT-MRI,Almalki_2023,1,39,29,31,TRUE,-0.34033283778336193,0.11101685347704361,5.032593261980686,0.027687672004932398,TRUE,TRUE,,
IM_modality_pair_CT_US_vs_CT_MRI,Inter-modality,Modality pair,CT-US-based vs CT-MRI,Anshulmeena_2026,1,39,29,31,TRUE,-0.30638789927645077,0.12165866193049066,5.218979138000919,0.0512690916834903,FALSE,TRUE,,
IM_modality_pair_CT_US_vs_CT_MRI,Inter-modality,Modality pair,CT-US-based vs CT-MRI,Ascenti_2007,1,39,29,31,TRUE,-0.34284286438399414,0.10634035763465739,5.440276280601906,0.020718597070731683,TRUE,TRUE,,
IM_modality_pair_CT_US_vs_CT_MRI,Inter-modality,Modality pair,CT-US-based vs CT-MRI,Bielsa_Gali_1999,1,39,29,31,TRUE,-0.3201781106859965,0.1169477958760972,5.205692820748628,0.03919550203910932,TRUE,TRUE,,
IM_modality_pair_CT_US_vs_CT_MRI,Inter-modality,Modality pair,CT-US-based vs CT-MRI,Chan_2021,2,38,29,31,TRUE,-0.3382585761308826,0.11228798652488976,4.9872681267663,0.029768983058591745,TRUE,TRUE,,
IM_modality_pair_CT_US_vs_CT_MRI,Inter-modality,Modality pair,CT-US-based vs CT-MRI,Clevert_2008,1,39,29,31,TRUE,-0.3385488551206077,0.10902860989345965,5.2724044113483295,0.02487573801848884,TRUE,TRUE,,
IM_modality_pair_CT_US_vs_CT_MRI,Inter-modality,Modality pair,CT-US-based vs CT-MRI,Como_2021,1,39,29,31,TRUE,-0.31873266468191536,0.11738653089350447,5.2251685988056105,0.040133902512008046,TRUE,TRUE,,
IM_modality_pair_CT_US_vs_CT_MRI,Inter-modality,Modality pair,CT-US-based vs CT-MRI,Das_2023,1,39,29,31,TRUE,-0.33412356343140537,0.11164782487308705,5.153527087141883,0.029230290637374735,TRUE,TRUE,,
IM_modality_pair_CT_US_vs_CT_MRI,Inter-modality,Modality pair,CT-US-based vs CT-MRI,Ferreira_2016,1,39,29,31,TRUE,-0.34421904110581925,0.10818192440920577,5.170706076782383,0.023368924104433194,TRUE,TRUE,,
IM_modality_pair_CT_US_vs_CT_MRI,Inter-modality,Modality pair,CT-US-based vs CT-MRI,Foukal_2014,1,39,29,31,TRUE,-0.3226378323989828,0.11672139695042331,5.120263298511722,0.038636599671509085,TRUE,TRUE,,
IM_modality_pair_CT_US_vs_CT_MRI,Inter-modality,Modality pair,CT-US-based vs CT-MRI,Graumann_2016,2,38,29,30,TRUE,-0.3033541444802321,0.11045463767795918,6.4853639515531665,0.03091058547553112,TRUE,TRUE,,
IM_modality_pair_CT_US_vs_CT_MRI,Inter-modality,Modality pair,CT-US-based vs CT-MRI,He_2025,1,39,29,31,TRUE,-0.32584748033783867,0.11542320688476349,5.110995671184384,0.036076202263430585,TRUE,TRUE,,
IM_modality_pair_CT_US_vs_CT_MRI,Inter-modality,Modality pair,CT-US-based vs CT-MRI,He_2026,1,39,29,31,TRUE,-0.34105399321162067,0.10792512022051357,5.29985379189935,0.023162279331773485,TRUE,TRUE,,
IM_modality_pair_CT_US_vs_CT_MRI,Inter-modality,Modality pair,CT-US-based vs CT-MRI,Herms_2023,1,39,29,31,TRUE,-0.31548501401652307,0.1183843549904242,5.268247606287674,0.042345742959113385,TRUE,TRUE,,
IM_modality_pair_CT_US_vs_CT_MRI,Inter-modality,Modality pair,CT-US-based vs CT-MRI,Ignee_2010,1,39,29,31,TRUE,-0.3199185983434373,0.11594126437634181,5.325934658662859,0.03726392410924518,TRUE,TRUE,,
IM_modality_pair_CT_US_vs_CT_MRI,Inter-modality,Modality pair,CT-US-based vs CT-MRI,Israel_2004,1,39,29,31,TRUE,-0.30267269179953377,0.12236413495592482,5.273787546368224,0.053753158296103914,FALSE,TRUE,,
IM_modality_pair_CT_US_vs_CT_MRI,Inter-modality,Modality pair,CT-US-based vs CT-MRI,Lee_2020,2,38,29,31,TRUE,-0.31487503400096556,0.11884748291437099,5.249326723897367,0.0433210983776693,TRUE,TRUE,,
IM_modality_pair_CT_US_vs_CT_MRI,Inter-modality,Modality pair,CT-US-based vs CT-MRI,Lucocq_2020,1,39,29,31,TRUE,-0.325640691928825,0.11668979368767567,5.02285486231931,0.038223322135486265,TRUE,TRUE,,
IM_modality_pair_CT_US_vs_CT_MRI,Inter-modality,Modality pair,CT-US-based vs CT-MRI,Oon_2018,1,39,29,31,TRUE,-0.3191163806122219,0.11689240494002878,5.259224384828781,0.03914879805280167,TRUE,TRUE,,
IM_modality_pair_CT_US_vs_CT_MRI,Inter-modality,Modality pair,CT-US-based vs CT-MRI,Park_2007,1,39,29,31,TRUE,-0.32653931375269857,0.11482483366227432,5.142983618183043,0.03494787143373474,TRUE,TRUE,,
IM_modality_pair_CT_US_vs_CT_MRI,Inter-modality,Modality pair,CT-US-based vs CT-MRI,Park_2021,4,36,29,31,TRUE,-0.3278157688581127,0.1170545339300918,4.921492015874442,0.038640795707086034,TRUE,TRUE,,
IM_modality_pair_CT_US_vs_CT_MRI,Inter-modality,Modality pair,CT-US-based vs CT-MRI,Peard_2022,2,38,29,30,TRUE,-0.34954478824562696,0.10792038575800651,4.919432234854988,0.02352031139567941,TRUE,TRUE,,
IM_modality_pair_CT_US_vs_CT_MRI,Inter-modality,Modality pair,CT-US-based vs CT-MRI,Pitra_2018,2,38,29,31,TRUE,-0.3566457624282945,0.09813895246689149,5.81132574008842,0.011536311257167177,TRUE,TRUE,,
IM_modality_pair_CT_US_vs_CT_MRI,Inter-modality,Modality pair,CT-US-based vs CT-MRI,Ragel_2016,2,38,29,31,TRUE,-0.31243976463270784,0.11928152705145158,5.3129442883240525,0.04444818394718976,TRUE,TRUE,,
IM_modality_pair_CT_US_vs_CT_MRI,Inter-modality,Modality pair,CT-US-based vs CT-MRI,Reizine_2024,1,39,29,31,TRUE,-0.3227843843805276,0.11856394133358766,4.958159219455039,0.0420220230341962,TRUE,TRUE,,
IM_modality_pair_CT_US_vs_CT_MRI,Inter-modality,Modality pair,CT-US-based vs CT-MRI,Rocca_2016,1,39,29,31,TRUE,-0.3336570075450375,0.1119155366388884,5.143649077346638,0.029692008386350405,TRUE,TRUE,,
IM_modality_pair_CT_US_vs_CT_MRI,Inter-modality,Modality pair,CT-US-based vs CT-MRI,Sanz_2016,1,39,29,31,TRUE,-0.33685216905149995,0.11019274792644225,5.203053706575054,0.02678222594411793,TRUE,TRUE,,
IM_modality_pair_CT_US_vs_CT_MRI,Inter-modality,Modality pair,CT-US-based vs CT-MRI,Tshering_Vogel_2021,2,38,29,31,TRUE,-0.22193304836031605,0.13223220855569245,26.009189845217726,0.10525440255720436,FALSE,TRUE,,
IM_modality_pair_CT_US_vs_CT_MRI,Inter-modality,Modality pair,CT-US-based vs CT-MRI,Yenice_2020,1,39,29,31,TRUE,-0.341104293673712,0.11064473144426548,5.040419811219444,0.027090901150916804,TRUE,TRUE,,
IM_modality_pair_CT_US_vs_CT_MRI,Inter-modality,Modality pair,CT-US-based vs CT-MRI,Zhong_2017,1,39,29,31,TRUE,-0.3332803232190248,0.11382544293289007,5.018879396685912,0.032561041159132206,TRUE,TRUE,,
IM_log_sample_size,Inter-modality,log(sample size),log_nc,Almalki_2023,1,40,29,32,TRUE,0.16586497280017667,0.05562413193637787,7.122126599159302,0.020051383228268244,TRUE,TRUE,,
IM_log_sample_size,Inter-modality,log(sample size),log_nc,Anshulmeena_2026,1,40,29,32,TRUE,0.1632280189233063,0.0538047396156943,7.186188516316347,0.018421517374011966,TRUE,TRUE,,
IM_log_sample_size,Inter-modality,log(sample size),log_nc,Ascenti_2007,1,40,29,32,TRUE,0.1679359104004691,0.05409915811636374,7.22034853159014,0.016557892067243857,TRUE,TRUE,,
IM_log_sample_size,Inter-modality,log(sample size),log_nc,Bielsa_Gali_1999,1,40,29,32,TRUE,0.15024089032316448,0.05824826941417061,6.703073899366421,0.037900637165262166,TRUE,TRUE,,
IM_log_sample_size,Inter-modality,log(sample size),log_nc,Chan_2021,2,39,29,32,TRUE,0.1662465328620838,0.055638376440954,7.059016997086837,0.02008545916581614,TRUE,TRUE,,
IM_log_sample_size,Inter-modality,log(sample size),log_nc,Clevert_2008,1,40,29,32,TRUE,0.17071746818462213,0.05456355725791409,7.182124495319386,0.01609731697517867,TRUE,TRUE,,
IM_log_sample_size,Inter-modality,log(sample size),log_nc,Como_2021,1,40,29,32,TRUE,0.15605496032268418,0.05633199125229718,7.16642450958812,0.027041956618521924,TRUE,TRUE,,
IM_log_sample_size,Inter-modality,log(sample size),log_nc,Das_2023,1,40,29,32,TRUE,0.1660719331883025,0.05522466696390294,7.2164225497280885,0.019040266267871343,TRUE,TRUE,,
IM_log_sample_size,Inter-modality,log(sample size),log_nc,Ferreira_2016,1,40,29,32,TRUE,0.16195010632290427,0.05596418006386044,7.2250252834896225,0.022400998498087025,TRUE,TRUE,,
IM_log_sample_size,Inter-modality,log(sample size),log_nc,Foukal_2014,1,40,29,32,TRUE,0.19354537599613011,0.05224153234353743,6.327289299339985,0.009116845033770651,TRUE,TRUE,,
IM_log_sample_size,Inter-modality,log(sample size),log_nc,Graumann_2016,2,39,29,31,TRUE,0.18521655566343317,0.049579559782932124,7.051093316203899,0.0072077430108449135,TRUE,TRUE,,
IM_log_sample_size,Inter-modality,log(sample size),log_nc,He_2025,1,40,29,32,TRUE,0.16687326113491038,0.05600784129556422,7.1465987834888915,0.02004111118535509,TRUE,TRUE,,
IM_log_sample_size,Inter-modality,log(sample size),log_nc,He_2026,1,40,29,32,TRUE,0.1749403070388621,0.07717134170855475,10.35383595658449,0.04596126834437524,TRUE,TRUE,,
IM_log_sample_size,Inter-modality,log(sample size),log_nc,Herms_2023,1,40,29,32,TRUE,0.16501750123760903,0.05687607370853834,7.187446924517293,0.02228423849274059,TRUE,TRUE,,
IM_log_sample_size,Inter-modality,log(sample size),log_nc,Ignee_2010,1,40,29,32,TRUE,0.14718209775227928,0.05979455527490176,6.505142853868751,0.04593456407806309,TRUE,TRUE,,
IM_log_sample_size,Inter-modality,log(sample size),log_nc,Israel_2004,1,40,29,32,TRUE,0.14806775293147292,0.05218772099645843,6.962132417053793,0.025288963688152498,TRUE,TRUE,,
IM_log_sample_size,Inter-modality,log(sample size),log_nc,Lee_2020,2,39,29,32,TRUE,0.16704899603747678,0.05714601549818455,7.18217329690906,0.021609000435585425,TRUE,TRUE,,
IM_log_sample_size,Inter-modality,log(sample size),log_nc,Lucocq_2020,1,40,29,32,TRUE,0.17412256536618584,0.05453694811742326,7.102124159111725,0.014925646417869028,TRUE,TRUE,,
IM_log_sample_size,Inter-modality,log(sample size),log_nc,Oon_2018,1,40,29,32,TRUE,0.1491136856489071,0.057074944625163784,6.785401457651237,0.03575482582659161,TRUE,TRUE,,
IM_log_sample_size,Inter-modality,log(sample size),log_nc,Park_2007,1,40,29,32,TRUE,0.16108177069651453,0.05659986208188225,7.086818887238294,0.02450933231680797,TRUE,TRUE,,
IM_log_sample_size,Inter-modality,log(sample size),log_nc,Park_2021,4,37,29,32,TRUE,0.15915201816742108,0.057274415335265096,6.398106082775979,0.029974879782431334,TRUE,TRUE,,
IM_log_sample_size,Inter-modality,log(sample size),log_nc,Peard_2022,3,38,29,30,TRUE,0.16669049448860457,0.06901800599200834,6.06812380362424,0.05174610075390309,FALSE,TRUE,,
IM_log_sample_size,Inter-modality,log(sample size),log_nc,Pitra_2018,2,39,29,32,TRUE,0.14155511989640923,0.05434572309116844,6.984473529194997,0.035251376627060696,TRUE,TRUE,,
IM_log_sample_size,Inter-modality,log(sample size),log_nc,Ragel_2016,2,39,29,32,TRUE,0.16444705428102993,0.05736959728831758,7.200274818357335,0.02339569578251232,TRUE,TRUE,,
IM_log_sample_size,Inter-modality,log(sample size),log_nc,Reizine_2024,1,40,29,32,TRUE,0.1523335150831011,0.05737076051062514,6.204164789854273,0.03657870617345272,TRUE,TRUE,,
IM_log_sample_size,Inter-modality,log(sample size),log_nc,Rocca_2016,1,40,29,32,TRUE,0.16536405793452585,0.05520795406684341,7.22779312503541,0.01933383126341954,TRUE,TRUE,,
IM_log_sample_size,Inter-modality,log(sample size),log_nc,Sanz_2016,1,40,29,32,TRUE,0.1617413405214571,0.05503562814542391,7.040377707462416,0.021607542387482487,TRUE,TRUE,,
IM_log_sample_size,Inter-modality,log(sample size),log_nc,Tshering_Vogel_2021,2,39,29,32,TRUE,0.1678619687805163,0.056299791727835155,6.944921948534135,0.020659201206858928,TRUE,TRUE,,
IM_log_sample_size,Inter-modality,log(sample size),log_nc,Yenice_2020,1,40,29,32,TRUE,0.17679707167965478,0.0571732970904162,6.471851494376805,0.019344117976018475,TRUE,TRUE,,
IM_log_sample_size,Inter-modality,log(sample size),log_nc,Zhong_2017,1,40,29,32,TRUE,0.1675494100110908,0.05550659934165873,7.161374219262244,0.018903872129973014,TRUE,TRUE,,
IM_readers_3plus_vs_1,Inter-modality,No. of readers,3 or more vs 1,Almalki_2023,1,39,28,31,TRUE,0.4296463696598572,0.15946174388817627,7.03201167656277,0.03075791767590342,TRUE,TRUE,,
IM_readers_3plus_vs_1,Inter-modality,No. of readers,3 or more vs 1,Anshulmeena_2026,1,39,28,31,TRUE,0.39761723218237566,0.1521329243843329,9.741369073355376,0.02640611758300895,TRUE,TRUE,,
IM_readers_3plus_vs_1,Inter-modality,No. of readers,3 or more vs 1,Ascenti_2007,1,39,28,31,TRUE,0.35210602225831444,0.18129713350523557,6.988730752156425,0.09330635754751124,FALSE,TRUE,,
IM_readers_3plus_vs_1,Inter-modality,No. of readers,3 or more vs 1,Chan_2021,2,38,28,31,TRUE,0.42604966265786615,0.1634306333390881,6.952791047677712,0.03527950189408489,TRUE,TRUE,,
IM_readers_3plus_vs_1,Inter-modality,No. of readers,3 or more vs 1,Clevert_2008,1,39,28,31,TRUE,0.3764479471896979,0.1567226740496174,9.667597811666404,0.03798221866171593,TRUE,TRUE,,
IM_readers_3plus_vs_1,Inter-modality,No. of readers,3 or more vs 1,Como_2021,1,39,28,31,TRUE,0.3386304551099009,0.1562130920753394,9.669801571405136,0.056283849416400564,FALSE,TRUE,,
IM_readers_3plus_vs_1,Inter-modality,No. of readers,3 or more vs 1,Das_2023,1,39,28,31,TRUE,0.3660152760192701,0.15768908914153043,9.663001614608612,0.04353877532537275,TRUE,TRUE,,
IM_readers_3plus_vs_1,Inter-modality,No. of readers,3 or more vs 1,Ferreira_2016,1,39,28,31,TRUE,0.3589893290215739,0.15526500639333354,9.4262076793852,0.044841003786986924,TRUE,TRUE,,
IM_readers_3plus_vs_1,Inter-modality,No. of readers,3 or more vs 1,Foukal_2014,1,39,28,31,TRUE,0.34284727042598334,0.1572977811525386,9.71977164502339,0.05503975099830665,FALSE,TRUE,,
IM_readers_3plus_vs_1,Inter-modality,No. of readers,3 or more vs 1,Graumann_2016,2,38,28,30,TRUE,0.17804144649120188,0.12478010282659628,4.850938691950262,0.21469077355023675,FALSE,TRUE,,
IM_readers_3plus_vs_1,Inter-modality,No. of readers,3 or more vs 1,He_2025,1,39,28,31,TRUE,0.3590185442047506,0.15526759403008072,9.425088815331861,0.04483291832188218,TRUE,TRUE,,
IM_readers_3plus_vs_1,Inter-modality,No. of readers,3 or more vs 1,He_2026,1,39,28,31,TRUE,0.37242442725199165,0.18268817685078675,6.9590544434186254,0.08111978405723086,FALSE,TRUE,,
IM_readers_3plus_vs_1,Inter-modality,No. of readers,3 or more vs 1,Herms_2023,1,39,28,31,TRUE,0.33290627571124576,0.15548333307877316,9.70321336932776,0.058746754256400954,FALSE,TRUE,,
IM_readers_3plus_vs_1,Inter-modality,No. of readers,3 or more vs 1,Ignee_2010,1,39,28,31,TRUE,0.34491377806642415,0.15579976230944473,9.549270294052135,0.05244758494772391,FALSE,TRUE,,
IM_readers_3plus_vs_1,Inter-modality,No. of readers,3 or more vs 1,Israel_2004,1,39,28,31,TRUE,0.3556281483607854,0.15501150294097524,9.536799887969158,0.0458931506953762,TRUE,TRUE,,
IM_readers_3plus_vs_1,Inter-modality,No. of readers,3 or more vs 1,Lee_2020,2,38,28,31,TRUE,0.3575318740856066,0.1552581616449573,9.436661781814763,0.04551094070921895,TRUE,TRUE,,
IM_readers_3plus_vs_1,Inter-modality,No. of readers,3 or more vs 1,Lucocq_2020,1,39,28,31,TRUE,0.37526480537678575,0.15676380603952864,9.655755600503317,0.03853921960373226,TRUE,TRUE,,
IM_readers_3plus_vs_1,Inter-modality,No. of readers,3 or more vs 1,Oon_2018,1,39,28,31,TRUE,0.3408726242751189,0.15609875971532922,9.623872430824907,0.05493333666958401,FALSE,TRUE,,
IM_readers_3plus_vs_1,Inter-modality,No. of readers,3 or more vs 1,Park_2007,1,39,28,31,TRUE,0.35896784193955045,0.1552646707693624,9.42642904451339,0.04485035831346109,TRUE,TRUE,,
IM_readers_3plus_vs_1,Inter-modality,No. of readers,3 or more vs 1,Park_2021,4,36,28,31,TRUE,0.37712276128198297,0.15746138941995175,9.76002412595959,0.038204615454978656,TRUE,TRUE,,
IM_readers_3plus_vs_1,Inter-modality,No. of readers,3 or more vs 1,Peard_2022,3,37,28,29,TRUE,0.35267009837210694,0.16304799976943216,10.083097990318231,0.05560933741882155,FALSE,TRUE,,
IM_readers_3plus_vs_1,Inter-modality,No. of readers,3 or more vs 1,Pitra_2018,2,38,28,31,TRUE,0.3577935349952218,0.15518998717313354,9.460225327324652,0.045241807318606504,TRUE,TRUE,,
IM_readers_3plus_vs_1,Inter-modality,No. of readers,3 or more vs 1,Ragel_2016,2,38,28,31,TRUE,0.3233227507754357,0.15413778417514237,9.770127275885413,0.06296932180821868,FALSE,TRUE,,
IM_readers_3plus_vs_1,Inter-modality,No. of readers,3 or more vs 1,Reizine_2024,1,39,28,31,TRUE,0.38325976466583817,0.15619189439842185,9.737871024046775,0.034637133985888774,TRUE,TRUE,,
IM_readers_3plus_vs_1,Inter-modality,No. of readers,3 or more vs 1,Rocca_2016,1,39,28,31,TRUE,0.3588326949206399,0.15526123963043845,9.428339045183108,0.04490634398059606,TRUE,TRUE,,
IM_readers_3plus_vs_1,Inter-modality,No. of readers,3 or more vs 1,Sanz_2016,1,39,28,31,TRUE,0.3720203671775417,0.15733759255197352,9.674168842353076,0.04044624724361662,TRUE,TRUE,,
IM_readers_3plus_vs_1,Inter-modality,No. of readers,3 or more vs 1,Tshering_Vogel_2021,2,38,28,31,TRUE,0.35307662193386957,0.1579248788289506,9.779309022122401,0.049936788362124535,TRUE,TRUE,,
IM_readers_3plus_vs_1,Inter-modality,No. of readers,3 or more vs 1,Yenice_2020,1,39,28,31,TRUE,0.3590337916743819,0.1552733908688348,9.422796915225138,0.044838365582052946,TRUE,TRUE,,
IM_readers_3plus_vs_1,Inter-modality,No. of readers,3 or more vs 1,Zhong_2017,1,39,28,31,TRUE,0.35879849694024585,0.15525878907843738,9.429428844175904,0.04491708560227976,TRUE,TRUE,,
IM_representative_spectrum,Inter-modality,Representative spectrum,Yes vs no/unclear,Almalki_2023,1,40,29,32,TRUE,0.34491309146694177,0.1409290671033628,18.0280053281405,0.02485784733478918,TRUE,TRUE,,
IM_representative_spectrum,Inter-modality,Representative spectrum,Yes vs no/unclear,Anshulmeena_2026,1,40,29,32,TRUE,0.30639007062254137,0.14678365322712825,15.152089985711587,0.05415060700375045,FALSE,TRUE,,
IM_representative_spectrum,Inter-modality,Representative spectrum,Yes vs no/unclear,Ascenti_2007,1,40,29,32,TRUE,0.32931095367116464,0.15286980171162684,15.045463612052538,0.04784036889904346,TRUE,TRUE,,
IM_representative_spectrum,Inter-modality,Representative spectrum,Yes vs no/unclear,Bielsa_Gali_1999,1,40,29,32,TRUE,0.33210579262140544,0.14039944167112445,17.960533444796702,0.029465282476147086,TRUE,TRUE,,
IM_representative_spectrum,Inter-modality,Representative spectrum,Yes vs no/unclear,Chan_2021,2,39,29,32,TRUE,0.34772164115867127,0.1412123076428984,18.05953222593345,0.024080067804854756,TRUE,TRUE,,
IM_representative_spectrum,Inter-modality,Representative spectrum,Yes vs no/unclear,Clevert_2008,1,40,29,32,TRUE,0.3410348763195544,0.15103261319543432,15.219191932881326,0.03904483603885486,TRUE,TRUE,,
IM_representative_spectrum,Inter-modality,Representative spectrum,Yes vs no/unclear,Como_2021,1,40,29,32,TRUE,0.33040748122997565,0.1403137898159142,17.967615442513164,0.03010827510016519,TRUE,TRUE,,
IM_representative_spectrum,Inter-modality,Representative spectrum,Yes vs no/unclear,Das_2023,1,40,29,32,TRUE,0.358505966831373,0.15048707242312892,15.198922846101832,0.030680552050383784,TRUE,TRUE,,
IM_representative_spectrum,Inter-modality,Representative spectrum,Yes vs no/unclear,Ferreira_2016,1,40,29,32,TRUE,0.3381690772270634,0.1407177095331599,17.97882578176728,0.0272626817213764,TRUE,TRUE,,
IM_representative_spectrum,Inter-modality,Representative spectrum,Yes vs no/unclear,Foukal_2014,1,40,29,32,TRUE,0.33420592240423996,0.1407397790718873,18.040583289548902,0.02886264015158878,TRUE,TRUE,,
IM_representative_spectrum,Inter-modality,Representative spectrum,Yes vs no/unclear,Graumann_2016,2,39,29,31,TRUE,0.22036837159469636,0.13711337717222533,12.522573296072371,0.13291928030227804,FALSE,TRUE,,
IM_representative_spectrum,Inter-modality,Representative spectrum,Yes vs no/unclear,He_2025,1,40,29,32,TRUE,0.33849468205750355,0.14079984779203275,18.003315735858695,0.027195680307353264,TRUE,TRUE,,
IM_representative_spectrum,Inter-modality,Representative spectrum,Yes vs no/unclear,He_2026,1,40,29,32,TRUE,0.36127589594840026,0.1399719403506288,18.07733743719345,0.018791064423025822,TRUE,TRUE,,
IM_representative_spectrum,Inter-modality,Representative spectrum,Yes vs no/unclear,Herms_2023,1,40,29,32,TRUE,0.32649907444760884,0.1401060382495028,18.00054531725444,0.03161864060280936,TRUE,TRUE,,
IM_representative_spectrum,Inter-modality,Representative spectrum,Yes vs no/unclear,Ignee_2010,1,40,29,32,TRUE,0.33344878509536174,0.1400297025331391,17.821078512850793,0.028621278646979033,TRUE,TRUE,,
IM_representative_spectrum,Inter-modality,Representative spectrum,Yes vs no/unclear,Israel_2004,1,40,29,32,TRUE,0.37394212324520915,0.13750058046226063,18.041426768208204,0.014034871690671908,TRUE,TRUE,,
IM_representative_spectrum,Inter-modality,Representative spectrum,Yes vs no/unclear,Lee_2020,2,39,29,32,TRUE,0.3238176574338475,0.14028258331866744,18.077415717037507,0.033011285930132625,TRUE,TRUE,,
IM_representative_spectrum,Inter-modality,Representative spectrum,Yes vs no/unclear,Lucocq_2020,1,40,29,32,TRUE,0.3562084410646655,0.14017981229766938,17.957115917952677,0.020502716161175282,TRUE,TRUE,,
IM_representative_spectrum,Inter-modality,Representative spectrum,Yes vs no/unclear,Oon_2018,1,40,29,32,TRUE,0.33147118976849044,0.1402157803668303,17.911104112321873,0.029585092893486625,TRUE,TRUE,,
IM_representative_spectrum,Inter-modality,Representative spectrum,Yes vs no/unclear,Park_2007,1,40,29,32,TRUE,0.33980704432318404,0.14067011709735233,17.95092888101453,0.026592011392487146,TRUE,TRUE,,
IM_representative_spectrum,Inter-modality,Representative spectrum,Yes vs no/unclear,Park_2021,4,37,29,32,TRUE,0.3590687412946222,0.141150799149883,18.08679262926778,0.020309306722271946,TRUE,TRUE,,
IM_representative_spectrum,Inter-modality,Representative spectrum,Yes vs no/unclear,Peard_2022,3,38,29,30,TRUE,0.3467256739995939,0.14272261034616757,18.45168145269716,0.025537167374432228,TRUE,TRUE,,
IM_representative_spectrum,Inter-modality,Representative spectrum,Yes vs no/unclear,Pitra_2018,2,39,29,32,TRUE,0.3187940105795989,0.13946535035048535,18.02913356574962,0.03458448814769418,TRUE,TRUE,,
IM_representative_spectrum,Inter-modality,Representative spectrum,Yes vs no/unclear,Ragel_2016,2,39,29,32,TRUE,0.42529073548717095,0.12169345992825589,14.986091335047199,0.0032622856215912127,TRUE,TRUE,,
IM_representative_spectrum,Inter-modality,Representative spectrum,Yes vs no/unclear,Reizine_2024,1,40,29,32,TRUE,0.3361504741439144,0.15354504663750715,15.041338713132802,0.04475711588478596,TRUE,TRUE,,
IM_representative_spectrum,Inter-modality,Representative spectrum,Yes vs no/unclear,Rocca_2016,1,40,29,32,TRUE,0.34934419155436647,0.14067243348294647,17.97918479875326,0.023103724861094722,TRUE,TRUE,,
IM_representative_spectrum,Inter-modality,Representative spectrum,Yes vs no/unclear,Sanz_2016,1,40,29,32,TRUE,0.34966257057908823,0.15150731890365374,15.17057937394954,0.03550014793262407,TRUE,TRUE,,
IM_representative_spectrum,Inter-modality,Representative spectrum,Yes vs no/unclear,Tshering_Vogel_2021,2,39,29,32,TRUE,0.39819342577882033,0.14186491241376462,15.083421035674911,0.013220191203193682,TRUE,TRUE,,
IM_representative_spectrum,Inter-modality,Representative spectrum,Yes vs no/unclear,Yenice_2020,1,40,29,32,TRUE,0.3442757880981145,0.1409534617319631,18.0344456279025,0.025108955462169857,TRUE,TRUE,,
IM_representative_spectrum,Inter-modality,Representative spectrum,Yes vs no/unclear,Zhong_2017,1,40,29,32,TRUE,0.34970515929198304,0.14060796373309375,17.963166505162,0.02293659409159245,TRUE,TRUE,,
