stratum,moderator,contrast,effects,studies,clusters,level_counts,beta,se,ci_lower,ci_upper,df,p_raw,p_fdr_bh,df_interpretation
Inter-reader,No. of categories,4-5 vs 2-3,176,47,52,2-3: 19 effects/8 studies/9 clusters; 4-5: 157 effects/42 studies/45 clusters,0.08057486897151446,0.12585565177744076,-0.20563393092004506,0.36678366886307395,8.70000756565085,0.5385248062878254,0.7720309029269272,Fragile (df 4-<10)
Inter-reader,Weight scheme,Weighted vs unweighted,135,39,41,Unweighted: 50 effects/15 studies/15 clusters; Weighted: 85 effects/25 studies/27 clusters,0.04512580182730454,0.13795652192790753,-0.2407588721240887,0.33101047577869774,22.295425619571404,0.7466422849590515,0.8614409512048129,Exploratory
Inter-reader,Imaging modality,MRI vs CT,137,41,44,CEUS_US: 38 effects/14 studies/15 clusters; CT: 55 effects/25 studies/25 clusters; MRI: 44 effects/16 studies/18 clusters,-0.06752260645734215,0.053447736231294396,-0.20141933050407299,0.06637411758938869,5.472893530750603,0.25761358391513556,0.5793645439142342,Fragile (df 4-<10)
Inter-reader,Imaging modality,CEUS/US vs CT,137,41,44,CEUS_US: 38 effects/14 studies/15 clusters; CT: 55 effects/25 studies/25 clusters; MRI: 44 effects/16 studies/18 clusters,-0.10306534763940131,0.15924525584349597,-0.44193242733782534,0.2358017320590227,15.288044395318952,0.5270945764580923,0.7720309029269272,Exploratory
Inter-reader,Bosniak version (CT-only),v2019 vs original,53,23,23,Original: 32 effects/19 studies/19 clusters; v2019: 21 effects/11 studies/11 clusters,-0.03532109537304249,0.042024985023624464,-0.14115305727885757,0.07051086653277258,5.369238022956473,0.43645901051765246,0.6983344168282439,Fragile (df 4-<10)
Inter-reader,Publication type,Abstract vs full text,178,47,52,Full text: 174 effects/45 studies/50 clusters; Abstract: 4 effects/2 studies/2 clusters,0.545880542366108,0.262427740479087,-2.292327703629721,3.384088788361937,1.073904783814152,0.27157712995979727,0.5793645439142342,Non-interpretable (df<4)
Inter-reader,log(sample size),log_nc,178,47,52,Overall: 178 effects/47 studies/52 clusters,0.04078026876135227,0.0755751228556814,-0.11958498831012601,0.20114552583283055,15.814156787454522,0.5969901356182128,0.7959868474909504,Exploratory
Inter-reader,No. of readers,3 or more vs 2,178,47,52,2: 120 effects/36 studies/39 clusters; 3 or more: 58 effects/13 studies/15 clusters,-0.06927962758841631,0.07657519975237984,-0.26980244975121304,0.13124319457438038,4.711587298144668,0.40948632672504565,0.6983344168282439,Fragile (df 4-<10)
Inter-reader,Mean reader experience,exp_mean_num,112,31,34,Overall: 112 effects/31 studies/34 clusters,0.005177104975510146,0.016613920935351748,-0.038314015330841555,0.04866822528186185,4.716537112291369,0.7686347293800228,0.8614409512048129,Fragile (df 4-<10)
Inter-reader,Reader subspecialization,Subspecialty vs other,130,39,41,Other: 69 effects/24 studies/24 clusters; Subspecialty: 61 effects/16 studies/18 clusters,0.0983207251619066,0.09717415542598071,-0.12932131237127126,0.32596276269508445,7.339688690894037,0.3438209709114729,0.6471924158333607,Fragile (df 4-<10)
Inter-reader,Blinding reported,Reported vs not reported,178,47,52,Not reported: 84 effects/19 studies/24 clusters; Reported: 94 effects/32 studies/32 clusters,0.14495617801634875,0.04675136425853873,0.03334063900327537,0.2565717170294221,6.684628408079879,0.018353857157312498,0.13411450096226776,Fragile (df 4-<10)
Inter-reader,Reader structure,Pooled vs other,172,47,52,Other: 130 effects/39 studies/42 clusters; Pooled: 42 effects/13 studies/15 clusters,-0.032202841248770625,0.038346354576551084,-0.12797583561321518,0.06357015311567395,5.5353233719962915,0.43578835154682205,0.6983344168282439,Fragile (df 4-<10)
Inter-reader,Publication year,year_num,178,47,52,Overall: 178 effects/47 studies/52 clusters,-0.0174415618366289,0.014724963038346802,-0.05127552480937916,0.016392401136121358,8.168964308340707,0.26953500477348186,0.5793645439142342,Fragile (df 4-<10)
Inter-reader,Study design,Prospective vs retrospective,171,45,50,Retrospective: 167 effects/43 studies/48 clusters; Prospective: 4 effects/2 studies/2 clusters,0.45732761598304705,0.8998749485096376,-9.08242278944562,9.997078021411713,1.0839491316222694,0.6953163837723173,0.8557740107966982,Non-interpretable (df<4)
Inter-reader,Region,Asia vs North America,162,43,48,Asia: 51 effects/15 studies/18 clusters; Europe: 36 effects/13 studies/13 clusters; North_America: 75 effects/15 studies/17 clusters,0.19693365831198956,0.10373902052630372,-0.01430947070190658,0.4081767873258857,32.258308649288395,0.0666267281102698,0.2368950332809593,Exploratory
Inter-reader,Region,Europe vs North America,162,43,48,Asia: 51 effects/15 studies/18 clusters; Europe: 36 effects/13 studies/13 clusters; North_America: 75 effects/15 studies/17 clusters,0.403519091651784,0.16698605348922835,0.059545642631932794,0.7474925406716353,24.91538220209339,0.023329226165014268,0.13411450096226776,Exploratory
Inter-reader,Representative spectrum,Yes vs no/unclear,178,47,52,No/unclear: 162 effects/39 studies/43 clusters; Yes: 16 effects/8 studies/9 clusters,0.03935522723105068,0.18413253945656716,-0.3640757715929485,0.44278622605504986,11.427472335944216,0.8345209214796625,0.8614409512048129,Exploratory
Inter-modality,No. of categories,4-5 vs 2-3,39,28,31,2-3: 3 effects/3 studies/3 clusters; 4-5: 36 effects/25 studies/28 clusters,0.465908829970237,0.07323282875195165,0.16946399759848635,0.7623536623419878,2.1375159921598748,0.02015896331910585,0.13411450096226776,Non-interpretable (df<4)
Inter-modality,Modality pair,CT-US-based vs CT-MRI,40,30,32,CT_CEUS_US: 21 effects/19 studies/19 clusters; CT_MRI: 19 effects/14 studies/14 clusters,-0.3260036852247272,0.11266042690498634,-0.6089054443441236,-0.04310192610533081,5.425587139651099,0.030941959118529507,0.1414489559704206,Fragile (df 4-<10)
Inter-modality,log(sample size),log_nc,41,30,33,Overall: 41 effects/30 studies/33 clusters,0.16394248026893202,0.05524872584936343,0.034073969701777895,0.29381099083608614,7.2118543003545295,0.020180272637854258,0.13411450096226776,Fragile (df 4-<10)
Inter-modality,Publication type,Abstract vs full text,37,26,29,Full text: 36 effects/25 studies/28 clusters; Abstract: 1 effects/1 studies/1 clusters,0.22865361329541634,0.06791419521105393,0.08923737749108698,0.3680698490997457,26.722189419751174,0.0023177339190387524,0.07416748540924008,Non-interpretable (singleton moderator level)
Inter-modality,Mean reader experience,exp_mean_num,20,13,14,Overall: 20 effects/13 studies/14 clusters,0.01655535800912806,0.014597749530282344,-0.017447460907511828,0.050558176925767945,7.564487442023903,0.2914093769432291,0.5828187538864582,Fragile (df 4-<10)
Inter-modality,Reader subspecialization,Subspecialty vs other,27,18,21,Other: 21 effects/13 studies/16 clusters; Subspecialty: 6 effects/5 studies/5 clusters,0.014663294042714124,0.13456303206747472,-0.3038049707140404,0.3331315587994686,6.970062988675616,0.9162972979409748,0.9162972979409748,Fragile (df 4-<10)
Inter-modality,Blinding reported,Reported vs not reported,41,30,33,Not reported: 23 effects/18 studies/20 clusters; Reported: 18 effects/12 studies/13 clusters,0.2010809611814076,0.1257078943199204,-0.05706874424823022,0.45923066661104545,26.520442860966604,0.12153688598501955,0.365457362185491,Exploratory
Inter-modality,Publication year,year_num,41,30,33,Overall: 41 effects/30 studies/33 clusters,-0.0027364277847915573,0.01136633291722329,-0.028923075870364263,0.023450220300781147,8.042629255893768,0.8157736853448587,0.8614409512048129,Fragile (df 4-<10)
Inter-modality,Weight scheme,Weighted vs unweighted,38,27,30,Unweighted: 26 effects/21 studies/23 clusters; Weighted: 12 effects/7 studies/8 clusters,0.213040167142473,0.1238332310647709,-0.07511533714811022,0.5011956714330562,7.605979090522457,0.12562596825126254,0.365457362185491,Fragile (df 4-<10)
Inter-modality,No. of readers,2 vs 1,40,29,32,1: 22 effects/15 studies/17 clusters; 2: 11 effects/9 studies/9 clusters; 3plus: 7 effects/5 studies/6 clusters,-0.058395197353362,0.14032291781505615,-0.3550538052349835,0.23826341052825944,16.558021805067792,0.6826452329771011,0.8557740107966982,Exploratory
Inter-modality,No. of readers,3 or more vs 1,40,29,32,1: 22 effects/15 studies/17 clusters; 2: 11 effects/9 studies/9 clusters; 3plus: 7 effects/5 studies/6 clusters,0.358536708732087,0.15523154609045844,0.009863047960491367,0.7072103695036827,9.440986007189965,0.04498113504806511,0.17992454019226045,Fragile (df 4-<10)
Inter-modality,Study design,Prospective vs retrospective,39,28,31,Retrospective: 28 effects/20 studies/22 clusters; Prospective: 11 effects/8 studies/9 clusters,0.18868762769176242,0.16005551710315294,-0.15362445382232856,0.5309997092058534,14.43726310532229,0.2575070224575341,0.5793645439142342,Exploratory
Inter-modality,Region,Asia vs North America,38,27,30,Asia: 13 effects/9 studies/9 clusters; Europe: 19 effects/15 studies/16 clusters; North_America: 6 effects/3 studies/5 clusters,-0.04710162498256049,0.17772485029228827,-0.45680865298920886,0.3626054030240879,8.014295377921004,0.7976788839245248,0.8614409512048129,Fragile (df 4-<10)
Inter-modality,Region,Europe vs North America,38,27,30,Asia: 13 effects/9 studies/9 clusters; Europe: 19 effects/15 studies/16 clusters; North_America: 6 effects/3 studies/5 clusters,-0.11446251280637486,0.18401668937012997,-0.5554763998042168,0.32655137419146707,6.567045586697345,0.554897211478729,0.7720309029269272,Fragile (df 4-<10)
Inter-modality,Representative spectrum,Yes vs no/unclear,41,30,33,No/unclear: 29 effects/21 studies/23 clusters; Yes: 12 effects/9 studies/10 clusters,0.34184543196890504,0.13976069150296566,0.04785972320816145,0.6358311407296486,17.698138556538524,0.025146468930425207,0.13411450096226776,Exploratory
