analytic_stratum,study_id,first_author,year,publication_type,retained_comparisons,retained_metric_types,eligible_kappa_effects,selected_opes_effects,primary_model_status
inter-reader,Siegel_1997,Siegel,1997,journal_article,1,kappa,1,1,Included in primary all-eligible-kappa RVE+CR2 model
inter-reader,Benjaminov_2006,Benjaminov,2006,journal_article,1,kappa,1,1,Included in primary all-eligible-kappa RVE+CR2 model
inter-reader,Ascenti_2007,Ascenti,2007,journal_article,2,kappa,2,1,Included in primary all-eligible-kappa RVE+CR2 model
inter-reader,Bertolotto_2010,Bertolotto,2010,journal_article,1,kappa,1,1,Included in primary all-eligible-kappa RVE+CR2 model
inter-reader,Kim_2010,Kim,2010,journal_article,1,kappa,1,1,Included in primary all-eligible-kappa RVE+CR2 model
inter-reader,Peng_2010,Peng,2010,journal_article,2,kappa,2,1,Included in primary all-eligible-kappa RVE+CR2 model
inter-reader,El-Mokadem_2014,El-Mokadem,2014,journal_article,1,kappa,1,1,Included in primary all-eligible-kappa RVE+CR2 model
inter-reader,Rosenkrantz_2014,Rosenkrantz,2014,journal_article,2,kappa,2,1,Included in primary all-eligible-kappa RVE+CR2 model
inter-reader,Seppala_2014,Seppala,2014,journal_article,8,ICC,0,0,Excluded from kappa pooling: only non-kappa metric(s) reported
inter-reader,Bertolotto_2015,Bertolotto,2015,journal_article,1,kappa,1,1,Included in primary all-eligible-kappa RVE+CR2 model
inter-reader,Chang_2015,Chang,2015,conference_abstract,1,kappa,1,1,Included in primary all-eligible-kappa RVE+CR2 model
inter-reader,Graumann_2015,Graumann,2015,journal_article,6,kappa,6,1,Included in primary all-eligible-kappa RVE+CR2 model
inter-reader,Karmazyn_2015,Karmazyn,2015,journal_article,1,kappa,1,1,Included in primary all-eligible-kappa RVE+CR2 model
inter-reader,Ferreira_2016,Ferreira,2016,journal_article,2,kappa,2,1,Included in primary all-eligible-kappa RVE+CR2 model
inter-reader,Ragel_2016,Ragel,2016,journal_article,2,kappa,2,1,Included in primary all-eligible-kappa RVE+CR2 model
inter-reader,Destefani_2017,Destefani,2017,journal_article,1,kappa,1,1,Included in primary all-eligible-kappa RVE+CR2 model
inter-reader,Zhong_2017,Zhong,2017,journal_article,2,kappa,2,1,Included in primary all-eligible-kappa RVE+CR2 model
inter-reader,Pitra_2018,Pitra,2018,journal_article,2,kappa,2,1,Included in primary all-eligible-kappa RVE+CR2 model
inter-reader,Shaish_2019,Shaish,2019,journal_article,3,kappa,3,1,Included in primary all-eligible-kappa RVE+CR2 model
inter-reader,Verzotti_2019,Verzotti,2019,conference_abstract,3,kappa,3,1,Included in primary all-eligible-kappa RVE+CR2 model
inter-reader,Bai_2020,Bai,2020,journal_article,10,kappa,10,1,Included in primary all-eligible-kappa RVE+CR2 model
inter-reader,Lee_2020,Lee,2020,journal_article,2,kappa,2,1,Included in primary all-eligible-kappa RVE+CR2 model
inter-reader,Pacheco_2020,Pacheco,2020,journal_article,12,kappa,12,1,Included in primary all-eligible-kappa RVE+CR2 model
inter-reader,Tse_2020,Tse,2020,journal_article,2,kappa,2,1,Included in primary all-eligible-kappa RVE+CR2 model
inter-reader,Yenice_2020,Yenice,2020,journal_article,2,kappa,2,1,Included in primary all-eligible-kappa RVE+CR2 model
inter-reader,Chan_2021,Chan,2021,journal_article,4,kappa,4,1,Included in primary all-eligible-kappa RVE+CR2 model
inter-reader,Elbanna_2021,Elbanna,2021,journal_article,2,kappa,2,1,Included in primary all-eligible-kappa RVE+CR2 model
inter-reader,Frumer_2021,Frumer,2021,journal_article,8,Krippendorff alpha,0,0,Excluded from kappa pooling: only non-kappa metric(s) reported
inter-reader,Lucocq_2021,Lucocq,2021,journal_article,2,kappa,2,1,Included in primary all-eligible-kappa RVE+CR2 model
inter-reader,Osman_2021,Osman,2021,journal_article,4,kappa,4,1,Included in primary all-eligible-kappa RVE+CR2 model
inter-reader,Park_2021,Park,2021,journal_article,4,kappa,4,1,Included in primary all-eligible-kappa RVE+CR2 model
inter-reader,Tse_2021_a,Tse,2021,journal_article,2,kappa,2,1,Included in primary all-eligible-kappa RVE+CR2 model
inter-reader,Tse_2021_b,Tse,2021,journal_article,16,kappa,16,1,Included in primary all-eligible-kappa RVE+CR2 model
inter-reader,Yan_2021,Yan,2021,journal_article,24,kappa,24,1,Included in primary all-eligible-kappa RVE+CR2 model
inter-reader,Arita_2022,Arita,2022,journal_article,3,kappa,3,1,Included in primary all-eligible-kappa RVE+CR2 model
inter-reader,Kang_2022,Kang,2022,journal_article,2,kappa,2,1,Included in primary all-eligible-kappa RVE+CR2 model
inter-reader,Shampain_2022,Shampain,2022,journal_article,10,Gwet AC2,0,0,Excluded from kappa pooling: only non-kappa metric(s) reported
inter-reader,Tse_2022,Tse,2022,journal_article,1,kappa,1,1,Included in primary all-eligible-kappa RVE+CR2 model
inter-reader,Almalki_2023,Almalki,2023,journal_article,2,ICC,0,0,Excluded from kappa pooling: only non-kappa metric(s) reported
inter-reader,Dana_2023,Dana,2023,journal_article,6,kappa,6,1,Included in primary all-eligible-kappa RVE+CR2 model
inter-reader,Sun_2023,Sun,2023,journal_article,4,kappa,4,1,Included in primary all-eligible-kappa RVE+CR2 model
inter-reader,Walmer_2023,Walmer,2023,journal_article,6,kappa,6,1,Included in primary all-eligible-kappa RVE+CR2 model
inter-reader,Guo_2024,Guo,2024,journal_article,1,kappa,1,1,Included in primary all-eligible-kappa RVE+CR2 model
inter-reader,Jin_2024,Jin,2024,journal_article,15,Gwet AC2,0,0,Excluded from kappa pooling: only non-kappa metric(s) reported
inter-reader,Kang_2024,Kang,2024,journal_article,1,kappa,1,1,Included in primary all-eligible-kappa RVE+CR2 model
inter-reader,Lucocq_2024,Lucocq,2024,journal_article,2,kappa,2,1,Included in primary all-eligible-kappa RVE+CR2 model
inter-reader,Münch_2024,Münch,2024,journal_article,9,kappa,9,1,Included in primary all-eligible-kappa RVE+CR2 model
inter-reader,Abufaraj_2025,Abufaraj,2025,journal_article,6,kappa,6,1,Included in primary all-eligible-kappa RVE+CR2 model
inter-reader,Kang_2025,Kang,2025,journal_article,5,kappa,5,1,Included in primary all-eligible-kappa RVE+CR2 model
inter-reader,He_2026,He,2026,journal_article,6,kappa,6,1,Included in primary all-eligible-kappa RVE+CR2 model
inter-reader,Jin_2026,Jin,2026,journal_article,1,Gwet AC1,0,0,Excluded from kappa pooling: only non-kappa metric(s) reported
inter-reader,Sebastià_2026,Sebastià,2026,journal_article,1,kappa,1,1,Included in primary all-eligible-kappa RVE+CR2 model
inter-reader,Urraro_2026,Urraro,2026,journal_article,1,kappa,1,1,Included in primary all-eligible-kappa RVE+CR2 model
inter-modality,Bielsa_Gali_1999,Bielsa Gali,1999,journal_article,1,kappa,1,1,Included in primary all-eligible-kappa RVE+CR2 model
inter-modality,Israel_2004,Israel,2004,journal_article,1,kappa,1,1,Included in primary all-eligible-kappa RVE+CR2 model
inter-modality,Ascenti_2007,Ascenti,2007,journal_article,1,kappa,1,1,Included in primary all-eligible-kappa RVE+CR2 model
inter-modality,Park_2007,Park,2007,journal_article,1,kappa,1,1,Included in primary all-eligible-kappa RVE+CR2 model
inter-modality,Clevert_2008,Clevert,2008,journal_article,1,kappa,1,1,Included in primary all-eligible-kappa RVE+CR2 model
inter-modality,Ignee_2010,Ignee,2010,journal_article,1,kappa,1,1,Included in primary all-eligible-kappa RVE+CR2 model
inter-modality,Foukal_2014,Foukal,2014,journal_article,1,kappa,1,1,Included in primary all-eligible-kappa RVE+CR2 model
inter-modality,Ferreira_2016,Ferreira,2016,journal_article,1,kappa,1,1,Included in primary all-eligible-kappa RVE+CR2 model
inter-modality,Graumann_2016,Graumann,2016,journal_article,2,kappa,2,1,Included in primary all-eligible-kappa RVE+CR2 model
inter-modality,Ragel_2016,Ragel,2016,journal_article,2,kappa,2,1,Included in primary all-eligible-kappa RVE+CR2 model
inter-modality,Rocca_2016,Rocca,2016,conference_abstract,1,kappa,1,1,Included in primary all-eligible-kappa RVE+CR2 model
inter-modality,Sanz_2016,Sanz,2016,journal_article,1,kappa,1,1,Included in primary all-eligible-kappa RVE+CR2 model
inter-modality,Zhong_2017,Zhong,2017,journal_article,1,kappa,1,1,Included in primary all-eligible-kappa RVE+CR2 model
inter-modality,Oon_2018,Oon,2018,journal_article,1,kappa,1,1,Included in primary all-eligible-kappa RVE+CR2 model
inter-modality,Pitra_2018,Pitra,2018,journal_article,2,kappa,2,1,Included in primary all-eligible-kappa RVE+CR2 model
inter-modality,Lee_2020,Lee,2020,journal_article,2,kappa,2,1,Included in primary all-eligible-kappa RVE+CR2 model
inter-modality,Lerchbaumer_2020,Lerchbaumer,2020,journal_article,2,percentage agreement,0,0,Excluded from kappa pooling: only non-kappa metric(s) reported
inter-modality,Lucocq_2020,Lucocq,2020,conference_abstract,1,kappa,1,1,Included in primary all-eligible-kappa RVE+CR2 model
inter-modality,Yenice_2020,Yenice,2020,journal_article,1,kappa,1,1,Included in primary all-eligible-kappa RVE+CR2 model
inter-modality,Chan_2021,Chan,2021,journal_article,2,kappa,2,1,Included in primary all-eligible-kappa RVE+CR2 model
inter-modality,Como_2021,Como,2021,journal_article,1,kappa,1,1,Included in primary all-eligible-kappa RVE+CR2 model
inter-modality,Park_2021,Park,2021,journal_article,4,kappa,4,1,Included in primary all-eligible-kappa RVE+CR2 model
inter-modality,Tshering_Vogel_2021,Tshering Vogel,2021,journal_article,2,kappa,2,1,Included in primary all-eligible-kappa RVE+CR2 model
inter-modality,Peard_2022,Peard,2022,journal_article,3,kappa,3,1,Included in primary all-eligible-kappa RVE+CR2 model
inter-modality,Almalki_2023,Almalki,2023,journal_article,1,kappa,1,1,Included in primary all-eligible-kappa RVE+CR2 model
inter-modality,Das_2023,Das,2023,journal_article,1,kappa,1,1,Included in primary all-eligible-kappa RVE+CR2 model
inter-modality,Herms_2023,Herms,2023,journal_article,1,kappa,1,1,Included in primary all-eligible-kappa RVE+CR2 model
inter-modality,Reizine_2024,Reizine,2024,journal_article,1,kappa,1,1,Included in primary all-eligible-kappa RVE+CR2 model
inter-modality,He_2025,He,2025,journal_article,1,kappa,1,1,Included in primary all-eligible-kappa RVE+CR2 model
inter-modality,Anshulmeena_2026,Anshulmeena,2026,journal_article,1,kappa,1,1,Included in primary all-eligible-kappa RVE+CR2 model
inter-modality,He_2026,He,2026,journal_article,1,kappa,1,1,Included in primary all-eligible-kappa RVE+CR2 model
inter-modality,Jin_2026,Jin,2026,journal_article,2,Gwet AC1,0,0,Excluded from kappa pooling: only non-kappa metric(s) reported
intra-reader,Bertolotto_2010,Bertolotto,2010,journal_article,2,kappa,2,1,Included in primary OPES model (one selected effect per study)
intra-reader,Graumann_2015,Graumann,2015,journal_article,3,kappa,2,1,Included in primary OPES model (one selected effect per study)
intra-reader,Osman_2021,Osman,2021,journal_article,6,kappa,6,1,Included in primary OPES model (one selected effect per study)
intra-reader,Bai_2022,Bai,2022,journal_article,7,ICC,0,0,Excluded from kappa pooling: only non-kappa metric(s) reported
intra-reader,Jin_2024,Jin,2024,journal_article,6,Gwet AC2,0,0,Excluded from kappa pooling: only non-kappa metric(s) reported
intra-reader,Münch_2024,Münch,2024,journal_article,6,kappa,6,1,Included in primary OPES model (one selected effect per study)
intra-reader,Urraro_2026,Urraro,2026,journal_article,2,ICC,0,0,Excluded from kappa pooling: only non-kappa metric(s) reported
inter-version,Angelini_2021,Angelini,2021,conference_abstract,1,kappa,1,1,Included in primary OPES model (one selected effect per study)
inter-version,Osman_2021,Osman,2021,journal_article,6,kappa,6,1,Included in primary OPES model (one selected effect per study)
inter-version,Chandrasekar_2023,Chandrasekar,2023,journal_article,1,kappa,1,1,Included in primary OPES model (one selected effect per study)
inter-version,Gomma_2023,Gomma,2023,journal_article,1,kappa,1,1,Included in primary OPES model (one selected effect per study)
inter-version,Sun_2023,Sun,2023,journal_article,4,kappa,4,1,Included in primary OPES model (one selected effect per study)
inter-version,Lucocq_2024,Lucocq,2024,journal_article,1,kappa,1,1,Included in primary OPES model (one selected effect per study)
inter-version,Sebastià_2026,Sebastià,2026,journal_article,1,kappa,1,1,Included in primary OPES model (one selected effect per study)
